month,year,month_of_year,sarajevo_temperature_celsius,bjelasnica_temperature_celsius
0,2000,1,-3.4800,-9.4300
1,2000,2,1.6100,-6.9100
2,2000,3,5.5100,-5.6800
3,2000,4,12.9300,1.3600
4,2000,5,16.5800,6.9000
5,2000,6,19.7100,9.7900
6,2000,7,20.5300,10.3100
7,2000,8,22.1100,12.4500
8,2000,9,15.8000,6.2800
9,2000,10,13.4500,4.7800
10,2000,11,10.8500,0.7000
11,2000,12,3.3600,-2.2300
12,2001,1,3.8700,-4.5000
13,2001,2,3.0700,-6.6700
14,2001,3,10.2800,-0.8500
15,2001,4,9.1900,-1.6300
16,2001,5,15.9100,5.8200
17,2001,6,16.7600,6.8500
18,2001,7,20.5500,10.7800
19,2001,8,21.5000,12.3000
20,2001,9,13.6700,4.2500
21,2001,10,13.3700,6.0900
22,2001,11,3.1900,-3.6800
23,2001,12,-2.9500,-10.7900
24,2002,1,-1.7700,-5.6500
25,2002,2,6.2200,-3.0000
26,2002,3,8.7100,-2.3900
27,2002,4,9.8900,-0.4400
28,2002,5,16.2100,5.9200
29,2002,6,19.4200,9.3400
30,2002,7,20.9200,10.8800
31,2002,8,19.6700,9.4700
32,2002,9,14.2300,4.5700
33,2002,10,11.7900,2.5400
34,2002,11,10.0700,-0.3100
35,2002,12,2.4200,-3.9700
36,2003,1,-0.0900,-6.4600
37,2003,2,-2.8100,-12.4100
38,2003,3,5.4600,-5.9400
39,2003,4,8.9900,-2.7700
40,2003,5,17.6900,8.7600
41,2003,6,21.2200,11.7700
42,2003,7,21.1400,10.8400
43,2003,8,23.1300,13.3800
44,2003,9,15.0900,5.5600
45,2003,10,9.8600,1.0300
46,2003,11,7.7700,0.0600
47,2003,12,0.7000,-5.1200
48,2004,1,-1.0200,-9.3800
49,2004,2,1.9000,-5.9200
50,2004,3,5.7600,-4.4300
51,2004,4,11.1800,0.2200
52,2004,5,12.7000,1.4000
53,2004,6,18.2100,8.4500
54,2004,7,20.6200,10.6800
55,2004,8,20.0700,10.2500
56,2004,9,15.7400,6.3600
57,2004,10,14.5100,5.8000
58,2004,11,4.7400,-2.7200
59,2004,12,2.5000,-3.0400
60,2005,1,-0.3500,-7.9800
61,2005,2,-2.5500,-10.0800
62,2005,3,3.3800,-5.3500
63,2005,4,9.8200,-1.5300
64,2005,5,15.1900,4.9700
65,2005,6,17.0900,6.9900
66,2005,7,20.5800,11.1100
67,2005,8,18.7400,8.8200
68,2005,9,16.0300,6.8200
69,2005,10,11.8000,3.1300
70,2005,11,5.0500,-2.2000
71,2005,12,1.2700,-6.6000
72,2006,1,-1.5600,-8.7500
73,2006,2,1.1100,-7.8500
74,2006,3,4.6000,-5.7000
75,2006,4,11.3100,0.4000
76,2006,5,15.1400,4.5600
77,2006,6,17.9000,7.9500
78,2006,7,20.4500,10.4700
79,2006,8,19.1300,9.2000
80,2006,9,16.7700,7.2200
81,2006,10,13.3100,
82,2006,11,5.7900,
83,2006,12,1.5700,
84,2007,1,5.4100,
85,2007,2,6.1600,
86,2007,3,8.0300,
87,2007,4,12.4400,
88,2007,5,16.5000,
89,2007,6,20.7200,
90,2007,7,22.6100,
91,2007,8,22.4700,
92,2007,9,14.2600,
93,2007,10,9.7100,
94,2007,11,3.0200,
95,2007,12,-1.0500,
96,2008,1,2.3800,
97,2008,2,4.5600,
98,2008,3,6.6100,
99,2008,4,10.9500,
100,2008,5,15.9500,5.1200
101,2008,6,19.8300,
102,2008,7,21.1400,
103,2008,8,21.7900,
104,2008,9,14.8600,
105,2008,10,12.9200,
106,2008,11,7.8600,
107,2008,12,3.6500,
108,2009,1,-0.3700,
109,2009,2,1.6100,
110,2009,3,5.5000,
111,2009,4,12.9700,
112,2009,5,17.0500,
113,2009,6,18.5100,8.0000
114,2009,7,21.4500,
115,2009,8,21.5100,
116,2009,9,17.7800,
117,2009,10,10.0200,
118,2009,11,8.8400,
119,2009,12,3.4500,
120,2010,1,0.5800,
121,2010,2,1.8900,
122,2010,3,5.7100,
123,2010,4,10.9100,
124,2010,5,14.8200,
125,2010,6,18.6700,
126,2010,7,21.4700,
127,2010,8,22.5800,
128,2010,9,15.9400,
129,2010,10,9.6200,
130,2010,11,10.4700,
131,2010,12,1.5900,
132,2011,1,0.7100,
133,2011,2,1.4100,
134,2011,3,5.8000,
135,2011,4,11.7600,
136,2011,5,14.6100,
137,2011,6,19.3100,
138,2011,7,21.2000,
139,2011,8,22.6300,
140,2011,9,20.3500,
141,2011,10,10.0600,
142,2011,11,4.2500,
143,2011,12,2.4300,
144,2012,1,-1.0800,
145,2012,2,-4.4500,
146,2012,3,7.8900,
147,2012,4,10.7600,
148,2012,5,14.0700,
149,2012,6,21.7900,
150,2012,7,24.0100,
151,2012,8,23.6900,
152,2012,9,19.1900,
153,2012,10,13.1100,
154,2012,11,9.6100,
155,2012,12,0.3900,
156,2013,1,2.3500,
157,2013,2,2.8300,
158,2013,3,6.0000,
159,2013,4,12.7600,
160,2013,5,15.7400,
161,2013,6,18.6300,
162,2013,7,20.8400,
163,2013,8,22.6400,
164,2013,9,16.3800,
165,2013,10,14.1000,
166,2013,11,7.6900,
167,2013,12,1.0400,
168,2014,1,5.4100,
169,2014,2,8.4100,
170,2014,3,8.8900,
171,2014,4,10.9700,
172,2014,5,14.0200,
173,2014,6,18.0900,
174,2014,7,20.2600,
175,2014,8,20.9500,
176,2014,9,15.9200,
177,2014,10,12.9200,
178,2014,11,9.3500,
179,2014,12,3.2300,
180,2015,1,0.8600,
181,2015,2,2.3600,
182,2015,3,5.7700,
183,2015,4,9.7500,
184,2015,5,16.3200,
185,2015,6,18.2600,
186,2015,7,23.6000,
187,2015,8,22.8900,
188,2015,9,18.5200,
189,2015,10,11.9900,
190,2015,11,6.4700,
191,2015,12,-0.2800,
192,2016,1,1.2000,
193,2016,2,7.9400,
194,2016,3,6.6500,
195,2016,4,13.8500,
196,2016,5,14.4000,
197,2016,6,20.2900,
198,2016,7,21.9300,
199,2016,8,19.6000,
200,2016,9,16.6700,
201,2016,10,10.5700,
202,2016,11,6.5300,
203,2016,12,-0.5100,
204,2017,1,-4.5800,
205,2017,2,5.6600,
206,2017,3,9.1800,
207,2017,4,9.8800,
208,2017,5,15.7800,
209,2017,6,20.9000,
210,2017,7,22.0800,
211,2017,8,23.3100,
212,2017,9,16.3300,
213,2017,10,11.5000,
214,2017,11,5.9500,
215,2017,12,2.4500,
216,2018,1,4.6300,
217,2018,2,1.2600,
218,2018,3,5.7900,
219,2018,4,15.3800,
220,2018,5,17.5200,
221,2018,6,18.5500,
222,2018,7,20.7000,
223,2018,8,21.8600,
224,2018,9,17.5600,
225,2018,10,14.0300,
226,2018,11,8.3200,
227,2018,12,0.7900,
228,2019,1,-1.3300,
229,2019,2,3.3100,
230,2019,3,8.8000,
231,2019,4,11.8300,
232,2019,5,13.0300,
233,2019,6,21.6500,
234,2019,7,21.7000,
235,2019,8,22.7900,
236,2019,9,17.6000,
237,2019,10,14.3700,
238,2019,11,10.9600,
239,2019,12,3.6700,
240,2020,1,-0.1300,
241,2020,2,5.7800,
242,2020,3,7.4100,
243,2020,4,11.8600,
244,2020,5,15.0000,
245,2020,6,18.5900,
246,2020,7,20.9900,
248,2020,9,18.8700,
249,2020,10,12.7000,
251,2020,12,4.6800,
252,2021,1,1.5300,
253,2021,2,6.1400,
254,2021,3,5.5000,
255,2021,4,8.9700,
256,2021,5,16.2300,
257,2021,6,20.9300,
258,2021,7,23.9300,
259,2021,8,22.4100,
260,2021,9,17.6900,
261,2021,10,9.7300,
262,2021,11,7.4500,
263,2021,12,2.8800,
264,2022,1,-0.0900,
265,2022,2,4.9700,
266,2022,3,4.8900,
267,2022,4,10.1300,
268,2022,5,17.8000,
269,2022,6,22.7600,
270,2022,7,23.1000,
271,2022,8,21.8000,
272,2022,9,16.3700,
274,2022,11,7.6700,
275,2022,12,5.7000,
276,2023,1,3.0500,
277,2023,2,2.8600,
278,2023,3,7.9200,
279,2023,4,9.0100,
280,2023,5,15.1600,
281,2023,6,19.0300,
282,2023,7,23.6800,
283,2023,8,21.9900,
284,2023,9,19.7900,
285,2023,10,15.9800,
286,2023,11,7.4100,
287,2023,12,5.3000,
288,2024,1,2.4100,
290,2024,3,10.4300,
291,2024,4,13.5600,
292,2024,5,16.9800,
293,2024,6,22.5500,
294,2024,7,24.4500,
295,2024,8,25.0800,
296,2024,9,17.8700,
297,2024,10,14.8800,
298,2024,11,4.4000,
299,2024,12,1.5100,
317,2026,6,20.9100,
318,2026,7,21.4200,
